EmpID,Name,Age,Salary_INR,Experience_Years,City,Department,Performance_Rating
2000,Vikas Sharma,,inf,,Noida,Admin,4
2001,Anjali Mehta,60.0,,,Delhi,IT,4
2002,Rahul Sharma,,,,Unknown,Admin,3
2003,Manish Tiwari,,inf,,Delhi,IT,4
2004,Amit Patel,,-50000.0,,Ahmedabad,Finance,2
2005,Priya Singh,41.0,,22.3,Delhi,Unknown,4
2006,Priya Singh,28.0,inf,,Pune,IT,1
2007,Sunil Kumar,,-50000.0,,Bangalore,admin,1
2008,Manish Tiwari,27.0,-50000.0,29.8,Mumbai,Sales,3
2009,Anjali Mehta,37.0,379184.0,,Bengaluru,Admin,1
2010,Vikas Sharma,57.0,inf,,Pune,Admin,2
2011,Manish Tiwari,32.0,-50000.0,,Mumbai,admin,3
2012,Suresh Yadav,,inf,,Lucknow,Sales,4
2013,Anjali Mehta,,910224.0,,Hyderabad,Operations,4
2014,Nikita Rao,40.0,-50000.0,,Kolkata,Operations,4
2015,Ravi Kumar,,inf,,Noida,IT,1
2016,Rahul Sharma,,-50000.0,14.8,Bengaluru,Sales,1
2017,Rahul Sharma,26.0,-50000.0,30.0,Kolkata,admin,5
2018,Anjali Mehta,38.0,-50000.0,,Ahmedabad,Unknown,2
2019,Priya Singh,49.0,inf,32.9,Mumbai,Finance,4
2020,Priya Singh,56.0,inf,,Unknown,Admin,2
2021,Suresh Yadav,,,4.1,Lucknow,finance,4
2022,Nikita Rao,31.0,-50000.0,,Noida,Marketing,3
2023,Rahul Sharma,25.0,660437.0,19.4,Mumbai,admin,2
2024,Suresh Yadav,,348174.0,27.1,Pune,Unknown,2
2025,Priya Singh,50.0,-50000.0,4.1,Kolkata,Unknown,1
2026,Manish Tiwari,,317072.0,,Noida,finance,5
2027,Vikas Sharma,,-50000.0,11.2,Kolkata,Operations,1
2028,Manish Tiwari,,778693.0,,Pune,Admin,2
2029,Suresh Yadav,50.0,,22.1,Noida,Marketing,3
2030,Ravi Kumar,60.0,inf,18.7,Delhi,Sales,1
2031,Priya Singh,,inf,,Lucknow,HR,5
2032,Kavita Shah,,inf,,Delhi,IT,4
2033,Nikita Rao,23.0,562552.0,,Unknown,admin,2
2034,Amit Patel,36.0,,,Hyderabad,Operations,1
2035,Rahul Sharma,39.0,-50000.0,19.4,Chennai,Admin,1
2036,Sunil Kumar,,inf,33.9,Pune,Finance,3
2037,Manish Tiwari,,-50000.0,,Lucknow,admin,2
2038,Ravi Kumar,39.0,987326.0,,Bengaluru,admin,4
2039,Deepika Joshi,,399807.0,,Hyderabad,Sales,3
2040,Amit Patel,53.0,-50000.0,,Pune,Marketing,2
2041,Sunil Kumar,,,19.1,Bangalore,HR,2
2042,Priya Singh,,,,Noida,admin,1
2043,Deepika Joshi,42.0,-50000.0,14.7,Ahmedabad,admin,5
2044,Anjali Mehta,,309738.0,11.0,Pune,Sales,2
2045,Anjali Mehta,,660263.0,18.6,Kolkata,admin,4
2046,Ravi Kumar,,,,Chennai,Operations,1
2047,Anjali Mehta,57.0,800905.0,,Lucknow,Finance,5
2048,Deepika Joshi,51.0,-50000.0,,Hyderabad,IT,1
2049,Deepika Joshi,,393670.0,,Delhi,IT,4
2050,Nikita Rao,42.0,inf,28.0,Bengaluru,admin,3
2051,Amit Patel,47.0,inf,,Chennai,Unknown,4
2052,Rahul Sharma,,-50000.0,,Ahmedabad,Sales,1
2053,Manish Tiwari,48.0,,14.1,Ahmedabad,Marketing,5
2054,Kavita Shah,,371734.0,,Mumbai,Sales,1
2055,Suresh Yadav,,,29.1,Ahmedabad,Admin,1
2056,Anjali Mehta,25.0,inf,,Noida,admin,4
2057,Ravi Kumar,39.0,,,Kolkata,HR,2
2058,Anjali Mehta,,-50000.0,,Chennai,IT,2
2059,Suresh Yadav,53.0,527797.0,14.7,Noida,Operations,3
2060,Amit Patel,23.0,,,Unknown,Sales,2
2061,Vikas Sharma,,-50000.0,,Delhi,admin,2
2062,Nikita Rao,57.0,-50000.0,,Unknown,Operations,1
2063,Deepika Joshi,,,,Noida,HR,1
2064,Nikita Rao,27.0,inf,7.0,Delhi,IT,4
2065,Priya Singh,,975933.0,5.7,Noida,HR,1
2066,Manish Tiwari,29.0,inf,6.9,Pune,finance,1
2067,Anjali Mehta,,inf,10.2,Ahmedabad,Sales,3
2068,Rahul Sharma,,,25.2,Delhi,Unknown,2
2069,Vikas Sharma,,inf,8.5,Noida,IT,1
2070,Priya Singh,52.0,977558.0,1.0,Bengaluru,finance,2
2071,Amit Patel,51.0,-50000.0,,Lucknow,Operations,1
2072,Anjali Mehta,46.0,704630.0,,Kolkata,Marketing,2
2073,Priya Singh,60.0,-50000.0,,Chennai,Unknown,2
2074,Anjali Mehta,,969077.0,24.5,Pune,Unknown,1
2075,Ravi Kumar,,853948.0,11.9,Delhi,admin,4
2076,Amit Patel,,inf,,Hyderabad,Unknown,5
2077,Kavita Shah,,-50000.0,,Ahmedabad,Marketing,1
2078,Vikas Sharma,,-50000.0,,Bengaluru,Operations,3
2079,Deepika Joshi,,,28.7,Ahmedabad,Sales,3
2080,Sunil Kumar,,793894.0,4.7,Kolkata,Sales,5
2081,Deepika Joshi,,317500.0,,Hyderabad,Unknown,2
2082,Deepika Joshi,,inf,9.0,Bengaluru,Finance,5
2083,Priya Singh,,526222.0,7.4,Pune,Admin,2
2084,Vikas Sharma,34.0,-50000.0,18.5,Chennai,admin,5
2085,Amit Patel,,inf,,Kolkata,Marketing,4
2086,Manish Tiwari,,-50000.0,32.8,Kolkata,HR,4
2087,Vikas Sharma,,-50000.0,22.2,Ahmedabad,Operations,1
2088,Vikas Sharma,,,26.2,Noida,admin,2
2089,Anjali Mehta,46.0,590946.0,,Bengaluru,Unknown,2
2090,Nikita Rao,53.0,624960.0,7.4,Lucknow,Marketing,1
2091,Vikas Sharma,,,30.3,Hyderabad,Operations,3
2092,Sunil Kumar,,inf,34.1,Bengaluru,finance,3
2093,Suresh Yadav,,709711.0,,Bangalore,HR,2
2094,Manish Tiwari,22.0,-50000.0,,Mumbai,Finance,1
2095,Priya Singh,48.0,550229.0,,Hyderabad,Admin,4
2096,Sunil Kumar,,556355.0,27.7,Unknown,Admin,3
2097,Kavita Shah,,755589.0,,Bengaluru,HR,1
2098,Ravi Kumar,47.0,775394.0,24.3,Bangalore,HR,4
2099,Amit Patel,,,13.3,Noida,IT,2
2100,Vikas Sharma,,425245.0,,Lucknow,Admin,4
2101,Manish Tiwari,56.0,443876.0,,Chennai,Finance,2
2102,Suresh Yadav,26.0,-50000.0,32.6,Hyderabad,finance,1
2103,Priya Singh,40.0,inf,2.6,Unknown,Marketing,3
2104,Vikas Sharma,,inf,24.7,Lucknow,finance,5
2105,Deepika Joshi,28.0,inf,4.8,Ahmedabad,HR,3
2106,Rahul Sharma,50.0,423791.0,,Hyderabad,Operations,1
2107,Priya Singh,41.0,-50000.0,,Bengaluru,admin,1
2108,Rahul Sharma,,585192.0,25.8,Noida,Admin,2
2109,Deepika Joshi,,575722.0,,Kolkata,Unknown,4
2110,Ravi Kumar,,-50000.0,,Noida,admin,3
2111,Amit Patel,49.0,inf,,Unknown,admin,5
2112,Anjali Mehta,,-50000.0,,Hyderabad,Admin,4
2113,Priya Singh,58.0,,,Mumbai,Sales,1
2114,Nikita Rao,32.0,,7.0,Bengaluru,Unknown,5
2115,Manish Tiwari,,567508.0,,Chennai,finance,5
2116,Deepika Joshi,,901790.0,,Pune,Admin,2
2117,Priya Singh,59.0,539499.0,30.4,Lucknow,finance,3
2118,Vikas Sharma,,346177.0,2.9,Bangalore,finance,1
2119,Kavita Shah,,556430.0,,Chennai,Admin,5
2120,Ravi Kumar,38.0,inf,,Bangalore,Finance,3
2121,Vikas Sharma,,,,Unknown,Finance,4
2122,Kavita Shah,56.0,487654.0,25.8,Hyderabad,admin,2
2123,Sunil Kumar,,-50000.0,,Ahmedabad,Finance,3
2124,Amit Patel,,inf,27.3,Kolkata,finance,2
2125,Sunil Kumar,,-50000.0,11.6,Kolkata,finance,3
2126,Priya Singh,,inf,,Pune,Finance,4
2127,Manish Tiwari,,inf,,Delhi,admin,1
2128,Suresh Yadav,52.0,425200.0,26.9,Hyderabad,admin,3
2129,Suresh Yadav,,,,Chennai,HR,1
2130,Amit Patel,,840828.0,,Kolkata,Marketing,5
2131,Manish Tiwari,,720400.0,4.3,Ahmedabad,finance,5
2132,Nikita Rao,40.0,inf,2.0,Ahmedabad,finance,4
2133,Ravi Kumar,,inf,6.7,Hyderabad,IT,4
2134,Nikita Rao,22.0,-50000.0,,Bangalore,Finance,5
2135,Ravi Kumar,,inf,7.1,Ahmedabad,admin,2
2136,Deepika Joshi,40.0,inf,,Hyderabad,Operations,5
2137,Priya Singh,,inf,,Noida,HR,5
2138,Sunil Kumar,36.0,,2.2,Chennai,Unknown,1
2139,Suresh Yadav,38.0,inf,21.4,Kolkata,Admin,2
2140,Kavita Shah,28.0,-50000.0,1.0,Chennai,HR,1
2141,Anjali Mehta,,,23.1,Delhi,HR,5
2142,Rahul Sharma,,457880.0,16.6,Bangalore,Operations,1
2143,Anjali Mehta,30.0,729954.0,,Chennai,Unknown,3
2144,Sunil Kumar,,inf,28.9,Mumbai,Sales,2
2145,Vikas Sharma,48.0,966833.0,,Chennai,IT,4
2146,Sunil Kumar,34.0,651291.0,18.8,Ahmedabad,admin,2
2147,Vikas Sharma,,-50000.0,29.3,Lucknow,Finance,5
2148,Ravi Kumar,,622448.0,33.1,Lucknow,HR,1
2149,Nikita Rao,,,4.0,Bengaluru,Operations,1
2150,Anjali Mehta,,-50000.0,18.8,Kolkata,Sales,2
2151,Ravi Kumar,43.0,,7.2,Kolkata,Operations,3
2152,Ravi Kumar,51.0,593418.0,20.2,Hyderabad,Sales,4
2153,Nikita Rao,31.0,,,Mumbai,Sales,3
2154,Kavita Shah,,-50000.0,,Chennai,finance,2
2155,Suresh Yadav,,-50000.0,,Bangalore,IT,2
2156,Amit Patel,,389026.0,31.0,Ahmedabad,Finance,4
2157,Suresh Yadav,56.0,,,Bangalore,Finance,2
2158,Rahul Sharma,,-50000.0,17.9,Mumbai,Unknown,1
2159,Vikas Sharma,,378465.0,,Ahmedabad,Admin,2
2160,Manish Tiwari,45.0,,,Ahmedabad,IT,5
2161,Anjali Mehta,,inf,,Hyderabad,Sales,4
2162,Vikas Sharma,,inf,,Bengaluru,Sales,3
2163,Suresh Yadav,36.0,inf,,Bangalore,Marketing,2
2164,Amit Patel,,-50000.0,,Hyderabad,Finance,3
2165,Vikas Sharma,48.0,,21.5,Mumbai,finance,3
2166,Deepika Joshi,30.0,,,Unknown,IT,1
2167,Anjali Mehta,,442723.0,,Lucknow,HR,5
2168,Amit Patel,53.0,462959.0,,Mumbai,admin,4
2169,Ravi Kumar,28.0,-50000.0,0.5,Mumbai,Operations,3
2170,Sunil Kumar,56.0,inf,34.4,Delhi,HR,1
2171,Kavita Shah,,726259.0,,Pune,IT,2
2172,Rahul Sharma,,inf,0.7,Noida,Admin,3
2173,Manish Tiwari,59.0,-50000.0,,Ahmedabad,finance,3
2174,Manish Tiwari,48.0,-50000.0,,Delhi,Unknown,2
2175,Amit Patel,,577880.0,32.2,Kolkata,Sales,2
2176,Suresh Yadav,39.0,,,Pune,Unknown,5
2177,Sunil Kumar,45.0,618992.0,12.8,Hyderabad,finance,1
2178,Suresh Yadav,,inf,9.6,Hyderabad,Operations,2
2179,Anjali Mehta,,455528.0,,Delhi,Admin,2
2180,Vikas Sharma,,inf,,Kolkata,finance,5
2181,Amit Patel,,715492.0,20.1,Unknown,Unknown,4
2182,Vikas Sharma,,inf,,Bangalore,Finance,5
2183,Suresh Yadav,39.0,482313.0,27.9,Chennai,Finance,3
2184,Nikita Rao,,-50000.0,17.3,Delhi,admin,2
2185,Priya Singh,27.0,,,Noida,finance,4
2186,Sunil Kumar,60.0,-50000.0,,Unknown,finance,1
2187,Deepika Joshi,,,3.2,Bengaluru,finance,1
2188,Sunil Kumar,37.0,427352.0,,Delhi,Finance,4
2189,Suresh Yadav,58.0,,,Bengaluru,Operations,1
2190,Suresh Yadav,26.0,,14.9,Hyderabad,HR,2
2191,Rahul Sharma,59.0,inf,30.5,Noida,Unknown,1
2192,Nikita Rao,,960914.0,26.3,Bengaluru,Unknown,2
2193,Deepika Joshi,31.0,inf,,Ahmedabad,Admin,2
2194,Kavita Shah,39.0,378629.0,2.4,Lucknow,Admin,2
2195,Rahul Sharma,,,11.5,Delhi,Marketing,1
2196,Anjali Mehta,33.0,-50000.0,11.8,Chennai,Admin,2
2197,Deepika Joshi,23.0,435047.0,,Noida,Operations,5
2198,Amit Patel,,647655.0,34.0,Delhi,admin,5
2199,Priya Singh,,-50000.0,,Pune,IT,2
2200,Rahul Sharma,23.0,,27.6,Pune,finance,2
2201,Priya Singh,38.0,-50000.0,5.1,Noida,Sales,5
2202,Nikita Rao,,-50000.0,16.9,Unknown,HR,1
2203,Anjali Mehta,55.0,-50000.0,,Kolkata,Finance,4
2204,Anjali Mehta,,,,Unknown,IT,4
2205,Manish Tiwari,,,27.2,Unknown,Unknown,3
2206,Kavita Shah,54.0,inf,,Chennai,Sales,2
2207,Anjali Mehta,50.0,-50000.0,,Kolkata,admin,2
2208,Suresh Yadav,,455851.0,14.1,Chennai,HR,2
2209,Sunil Kumar,51.0,,19.9,Bangalore,admin,4
2210,Sunil Kumar,,inf,,Delhi,HR,2
2211,Vikas Sharma,,-50000.0,,Bangalore,Marketing,5
2212,Kavita Shah,,-50000.0,24.1,Chennai,Unknown,2
2213,Suresh Yadav,50.0,363941.0,,Ahmedabad,admin,3
2214,Sunil Kumar,,-50000.0,,Lucknow,Unknown,3
2215,Amit Patel,60.0,-50000.0,,Kolkata,IT,5
2216,Suresh Yadav,26.0,,21.0,Ahmedabad,Unknown,4
2217,Nikita Rao,,961393.0,27.1,Noida,admin,2
2218,Ravi Kumar,,inf,,Mumbai,Marketing,3
2219,Priya Singh,,-50000.0,,Lucknow,finance,4
2220,Suresh Yadav,28.0,inf,2.0,Bengaluru,admin,1
2221,Manish Tiwari,57.0,inf,,Pune,IT,3
2222,Manish Tiwari,,488550.0,5.9,Unknown,HR,4
2223,Priya Singh,,,4.4,Delhi,admin,4
2224,Manish Tiwari,,inf,8.9,Pune,Finance,2
2225,Amit Patel,,-50000.0,,Bengaluru,IT,4
2226,Ravi Kumar,,inf,1.0,Kolkata,Sales,4
2227,Vikas Sharma,,,,Lucknow,Marketing,4
2228,Vikas Sharma,,467378.0,1.3,Hyderabad,Marketing,5
2229,Deepika Joshi,,,26.0,Chennai,Unknown,5
2230,Kavita Shah,26.0,579473.0,,Ahmedabad,finance,4
2231,Suresh Yadav,27.0,-50000.0,19.4,Bangalore,HR,2
2232,Kavita Shah,49.0,,24.5,Pune,admin,4
2233,Anjali Mehta,45.0,,13.5,Lucknow,Unknown,1
2234,Priya Singh,57.0,inf,9.3,Unknown,Operations,4
2235,Priya Singh,,676211.0,,Pune,Admin,4
2236,Anjali Mehta,,,2.3,Ahmedabad,Unknown,1
2237,Deepika Joshi,,,,Mumbai,IT,3
2238,Rahul Sharma,,inf,,Hyderabad,finance,5
2239,Nikita Rao,,-50000.0,30.3,Noida,IT,5
2240,Suresh Yadav,44.0,339807.0,,Mumbai,Operations,2
2241,Priya Singh,58.0,,,Unknown,Admin,5
2242,Nikita Rao,,,18.0,Hyderabad,Finance,2
2243,Priya Singh,36.0,-50000.0,,Mumbai,Admin,3
2244,Rahul Sharma,,inf,30.4,Unknown,IT,4
2245,Anjali Mehta,,,,Hyderabad,admin,4
2246,Manish Tiwari,58.0,inf,19.8,Chennai,Operations,3
2247,Vikas Sharma,49.0,inf,,Ahmedabad,Admin,4
2248,Rahul Sharma,,362448.0,,Bengaluru,Sales,3
2249,Priya Singh,23.0,,26.2,Kolkata,HR,4
2250,Anjali Mehta,,inf,,Ahmedabad,HR,5
2251,Rahul Sharma,,inf,,Hyderabad,HR,5
2252,Deepika Joshi,22.0,-50000.0,,Unknown,admin,4
2253,Anjali Mehta,,914483.0,,Pune,Finance,1
2254,Suresh Yadav,26.0,inf,30.8,Hyderabad,Sales,3
2255,Priya Singh,23.0,,,Delhi,Finance,2
2256,Amit Patel,55.0,-50000.0,,Bengaluru,Finance,4
2257,Vikas Sharma,,-50000.0,31.5,Chennai,Sales,2
2258,Kavita Shah,,inf,,Lucknow,HR,2
2259,Priya Singh,,inf,18.5,Kolkata,Finance,2
2260,Suresh Yadav,,,14.9,Mumbai,Sales,1
2261,Sunil Kumar,58.0,inf,,Kolkata,Admin,1
2262,Manish Tiwari,25.0,,,Ahmedabad,Finance,5
2263,Nikita Rao,32.0,486340.0,16.0,Ahmedabad,IT,3
2264,Nikita Rao,,-50000.0,7.6,Delhi,Unknown,4
2265,Kavita Shah,,895048.0,20.5,Chennai,Operations,4
2266,Priya Singh,,inf,,Ahmedabad,Finance,4
2267,Kavita Shah,,,24.3,Chennai,IT,4
2268,Ravi Kumar,35.0,970718.0,15.3,Bangalore,IT,3
2269,Priya Singh,,,23.1,Lucknow,Sales,4
2270,Anjali Mehta,,647255.0,11.5,Hyderabad,Admin,4
2271,Anjali Mehta,,inf,6.9,Pune,HR,3
2272,Vikas Sharma,,,,Hyderabad,Operations,5
2273,Ravi Kumar,24.0,967090.0,,Kolkata,Finance,1
2274,Deepika Joshi,47.0,inf,,Mumbai,Admin,4
2275,Ravi Kumar,22.0,768325.0,,Ahmedabad,Operations,1
2276,Ravi Kumar,41.0,,5.7,Delhi,Sales,1
2277,Kavita Shah,,561662.0,4.2,Lucknow,Admin,4
2278,Manish Tiwari,,inf,,Lucknow,HR,5
2279,Rahul Sharma,29.0,413282.0,21.4,Unknown,IT,2
2280,Vikas Sharma,,-50000.0,21.1,Kolkata,Marketing,2
2281,Vikas Sharma,33.0,-50000.0,,Pune,Marketing,4
2282,Vikas Sharma,46.0,-50000.0,,Unknown,Unknown,3
2283,Anjali Mehta,,-50000.0,,Kolkata,Unknown,3
2284,Rahul Sharma,,-50000.0,,Delhi,Marketing,5
2285,Ravi Kumar,,-50000.0,,Bangalore,finance,4
2286,Manish Tiwari,,,17.5,Unknown,admin,3
2287,Deepika Joshi,,-50000.0,6.2,Ahmedabad,admin,1
2288,Anjali Mehta,,377289.0,1.6,Bengaluru,Admin,4
2289,Priya Singh,,609234.0,,Delhi,HR,4
2290,Priya Singh,,inf,8.2,Pune,Sales,2
2291,Priya Singh,,409812.0,26.6,Kolkata,IT,2
2292,Suresh Yadav,,,,Noida,Operations,4
2293,Kavita Shah,,,,Unknown,finance,1
2294,Sunil Kumar,45.0,378645.0,,Bengaluru,admin,3
2295,Ravi Kumar,49.0,-50000.0,,Unknown,Admin,1
2296,Sunil Kumar,,-50000.0,14.5,Pune,HR,2
2297,Amit Patel,,,,Lucknow,finance,3
2298,Kavita Shah,55.0,-50000.0,,Unknown,IT,5
2299,Priya Singh,,464735.0,21.6,Mumbai,Admin,4
2300,Anjali Mehta,43.0,inf,,Mumbai,Marketing,2
2301,Kavita Shah,43.0,,16.3,Hyderabad,IT,3
2302,Suresh Yadav,26.0,inf,30.8,Hyderabad,Sales,2
2303,Anjali Mehta,55.0,inf,,Bangalore,admin,5
2304,Rahul Sharma,,,34.4,Hyderabad,Unknown,5
2305,Vikas Sharma,31.0,400575.0,19.7,Lucknow,HR,2
2306,Suresh Yadav,28.0,-50000.0,,Hyderabad,Marketing,1
2307,Rahul Sharma,38.0,461050.0,,Bangalore,admin,1
2308,Anjali Mehta,33.0,678356.0,,Mumbai,Finance,1
2309,Priya Singh,26.0,748377.0,,Kolkata,Sales,4
2310,Sunil Kumar,,-50000.0,10.7,Chennai,Unknown,4
2311,Ravi Kumar,,509374.0,24.3,Hyderabad,Admin,5
2312,Kavita Shah,,,,Ahmedabad,finance,1
2313,Kavita Shah,42.0,inf,3.6,Pune,HR,5
2314,Priya Singh,50.0,-50000.0,6.7,Noida,admin,2
2315,Ravi Kumar,,inf,,Delhi,Marketing,4
2316,Rahul Sharma,,-50000.0,16.1,Delhi,Finance,2
2317,Sunil Kumar,59.0,inf,16.2,Bangalore,Operations,4
2318,Ravi Kumar,44.0,-50000.0,30.9,Chennai,admin,3
2319,Rahul Sharma,,inf,9.1,Bengaluru,Finance,3
2320,Ravi Kumar,50.0,inf,25.3,Unknown,Marketing,5
2321,Amit Patel,,-50000.0,,Hyderabad,admin,5
2322,Kavita Shah,40.0,inf,22.4,Bangalore,Admin,4
2323,Amit Patel,,-50000.0,,Noida,admin,5
2324,Ravi Kumar,51.0,,25.6,Hyderabad,finance,3
2325,Manish Tiwari,50.0,581607.0,,Kolkata,IT,4
2326,Manish Tiwari,,458471.0,2.0,Pune,IT,1
2327,Suresh Yadav,54.0,inf,32.0,Lucknow,finance,1
2328,Vikas Sharma,,-50000.0,6.1,Lucknow,Unknown,5
2329,Manish Tiwari,,,6.7,Unknown,Sales,3
2330,Kavita Shah,27.0,880493.0,,Bangalore,Finance,2
2331,Sunil Kumar,24.0,-50000.0,,Ahmedabad,IT,3
2332,Priya Singh,,-50000.0,10.5,Bangalore,IT,2
2333,Amit Patel,55.0,,4.6,Hyderabad,finance,4
2334,Priya Singh,,inf,33.6,Noida,Sales,3
2335,Rahul Sharma,,-50000.0,,Pune,Unknown,1
2336,Nikita Rao,,,,Ahmedabad,Sales,2
2337,Manish Tiwari,60.0,-50000.0,30.0,Chennai,Admin,4
2338,Suresh Yadav,43.0,,,Delhi,Operations,1
2339,Rahul Sharma,43.0,,,Kolkata,Marketing,1
2340,Manish Tiwari,,432315.0,,Pune,Unknown,1
2341,Deepika Joshi,,743940.0,3.2,Bangalore,admin,4
2342,Rahul Sharma,60.0,,,Kolkata,Sales,5
2343,Rahul Sharma,43.0,,21.9,Kolkata,IT,4
2344,Nikita Rao,59.0,inf,2.2,Noida,Finance,3
2345,Kavita Shah,,635281.0,,Chennai,admin,4
2346,Suresh Yadav,47.0,-50000.0,1.8,Mumbai,Unknown,2
2347,Suresh Yadav,60.0,-50000.0,,Mumbai,HR,2
2348,Sunil Kumar,,inf,11.9,Bengaluru,Sales,3
2349,Rahul Sharma,43.0,-50000.0,,Hyderabad,HR,2
2350,Suresh Yadav,55.0,-50000.0,34.8,Noida,Admin,2
2351,Anjali Mehta,,-50000.0,23.7,Hyderabad,HR,2
2352,Sunil Kumar,,,,Chennai,Finance,4
2353,Anjali Mehta,41.0,894116.0,32.6,Delhi,admin,2
2354,Nikita Rao,,410766.0,,Lucknow,Sales,5
2355,Anjali Mehta,53.0,inf,,Chennai,Admin,1
2356,Vikas Sharma,36.0,inf,,Ahmedabad,Marketing,4
2357,Priya Singh,31.0,-50000.0,29.6,Unknown,Unknown,5
2358,Ravi Kumar,40.0,-50000.0,10.6,Bangalore,admin,2
2359,Anjali Mehta,54.0,,,Mumbai,Operations,2
2360,Nikita Rao,43.0,-50000.0,,Kolkata,Operations,2
2361,Priya Singh,,-50000.0,18.6,Noida,Sales,1
2362,Nikita Rao,31.0,-50000.0,21.6,Kolkata,finance,2
2363,Nikita Rao,33.0,,20.2,Noida,Sales,2
2364,Rahul Sharma,50.0,-50000.0,,Ahmedabad,Marketing,3
2365,Nikita Rao,,inf,,Bangalore,Operations,4
2366,Anjali Mehta,,inf,,Delhi,Operations,4
2367,Ravi Kumar,,inf,,Pune,Marketing,5
2368,Vikas Sharma,36.0,-50000.0,,Bangalore,finance,1
2369,Nikita Rao,,,17.5,Noida,Unknown,2
2370,Nikita Rao,,inf,31.0,Delhi,Operations,1
2371,Suresh Yadav,,inf,24.9,Mumbai,IT,3
2372,Deepika Joshi,,-50000.0,0.6,Unknown,Finance,1
2373,Amit Patel,,934366.0,16.5,Bengaluru,IT,4
2374,Priya Singh,32.0,-50000.0,25.9,Kolkata,Unknown,1
2375,Vikas Sharma,60.0,-50000.0,,Lucknow,finance,3
2376,Manish Tiwari,38.0,inf,,Hyderabad,IT,1
2377,Deepika Joshi,,,12.6,Lucknow,IT,3
2378,Priya Singh,57.0,inf,0.9,Delhi,Finance,1
2379,Amit Patel,55.0,-50000.0,,Chennai,Admin,5
2380,Ravi Kumar,40.0,442239.0,,Unknown,admin,2
2381,Sunil Kumar,,,,Chennai,finance,4
2382,Vikas Sharma,50.0,510477.0,27.0,Chennai,Admin,4
2383,Vikas Sharma,49.0,561609.0,,Ahmedabad,admin,1
2384,Amit Patel,,778621.0,14.2,Ahmedabad,HR,1
2385,Kavita Shah,44.0,,29.2,Unknown,HR,1
2386,Deepika Joshi,48.0,inf,,Lucknow,admin,3
2387,Anjali Mehta,,-50000.0,,Kolkata,IT,1
2388,Rahul Sharma,,966275.0,32.1,Bangalore,finance,5
2389,Kavita Shah,,,,Kolkata,HR,1
2390,Nikita Rao,36.0,-50000.0,,Chennai,Operations,1
2391,Nikita Rao,42.0,-50000.0,,Noida,Admin,2
2392,Anjali Mehta,43.0,-50000.0,,Chennai,Unknown,5
2393,Anjali Mehta,30.0,inf,32.5,Ahmedabad,Operations,1
2394,Suresh Yadav,,,,Unknown,Admin,4
2395,Priya Singh,,571224.0,,Hyderabad,Finance,5
2396,Suresh Yadav,50.0,598916.0,19.7,Chennai,IT,5
2397,Amit Patel,27.0,705343.0,,Kolkata,HR,3
2398,Sunil Kumar,38.0,,,Bangalore,finance,4
2399,Deepika Joshi,,,2.8,Kolkata,Operations,4
2400,Anjali Mehta,,inf,10.2,Bangalore,Marketing,3
2401,Priya Singh,,-50000.0,,Mumbai,finance,5
2402,Deepika Joshi,29.0,838214.0,22.1,Ahmedabad,IT,4
2403,Amit Patel,,-50000.0,,Ahmedabad,Marketing,3
2404,Sunil Kumar,51.0,,7.0,Chennai,IT,3
2405,Kavita Shah,,930343.0,,Noida,Sales,3
2406,Suresh Yadav,60.0,inf,,Lucknow,Operations,3
2407,Manish Tiwari,54.0,inf,,Chennai,Marketing,2
2408,Amit Patel,,inf,,Pune,HR,3
2409,Nikita Rao,49.0,-50000.0,,Noida,Unknown,4
2410,Vikas Sharma,44.0,-50000.0,,Hyderabad,Sales,4
2411,Suresh Yadav,,,,Hyderabad,Marketing,5
2412,Rahul Sharma,33.0,inf,,Lucknow,Marketing,1
2413,Vikas Sharma,,-50000.0,27.6,Delhi,finance,3
2414,Suresh Yadav,26.0,912879.0,,Mumbai,Operations,3
2415,Amit Patel,,inf,,Lucknow,IT,1
2416,Vikas Sharma,,inf,31.7,Bangalore,Sales,1
2417,Anjali Mehta,,612974.0,,Pune,finance,4
2418,Sunil Kumar,,805139.0,,Unknown,Unknown,4
2419,Amit Patel,,inf,27.3,Kolkata,Marketing,2
2420,Anjali Mehta,37.0,inf,27.0,Hyderabad,IT,1
2421,Anjali Mehta,,inf,28.9,Chennai,Marketing,5
2422,Manish Tiwari,30.0,inf,7.6,Unknown,Admin,1
2423,Suresh Yadav,,,16.3,Kolkata,HR,5
2424,Sunil Kumar,,,0.6,Unknown,Sales,3
2425,Amit Patel,52.0,-50000.0,24.2,Kolkata,Unknown,2
2426,Amit Patel,30.0,inf,12.0,Unknown,admin,3
2427,Nikita Rao,51.0,446726.0,,Noida,finance,4
2428,Priya Singh,40.0,-50000.0,,Ahmedabad,Finance,5
2429,Manish Tiwari,24.0,inf,22.5,Delhi,admin,4
2430,Deepika Joshi,,-50000.0,11.6,Delhi,Marketing,5
2431,Priya Singh,,707135.0,,Bengaluru,Unknown,4
2432,Vikas Sharma,,,27.2,Mumbai,Unknown,2
2433,Vikas Sharma,38.0,,9.9,Mumbai,Unknown,1
2434,Amit Patel,,-50000.0,9.9,Pune,Finance,3
2435,Suresh Yadav,44.0,inf,33.6,Chennai,HR,1
2436,Kavita Shah,,,,Lucknow,Unknown,3
2437,Amit Patel,,608054.0,,Pune,Finance,1
2438,Rahul Sharma,,,,Noida,HR,3
2439,Anjali Mehta,,,20.3,Hyderabad,Finance,4
2440,Vikas Sharma,43.0,651936.0,,Noida,Sales,2
2441,Ravi Kumar,,inf,19.1,Unknown,Unknown,5
2442,Amit Patel,,inf,,Unknown,Marketing,4
2443,Rahul Sharma,,inf,31.7,Mumbai,admin,4
2444,Rahul Sharma,,inf,4.2,Mumbai,Sales,5
2445,Deepika Joshi,60.0,inf,,Ahmedabad,Marketing,1
2446,Sunil Kumar,,786288.0,,Bengaluru,IT,3
2447,Vikas Sharma,42.0,793393.0,,Noida,admin,4
2448,Amit Patel,,965213.0,12.0,Kolkata,Unknown,4
2449,Sunil Kumar,,,25.1,Ahmedabad,Sales,1
2450,Manish Tiwari,,824788.0,,Kolkata,admin,4
2451,Kavita Shah,,inf,20.1,Hyderabad,finance,3
2452,Suresh Yadav,,733174.0,,Pune,IT,5
2453,Manish Tiwari,,,,Bangalore,Admin,2
2454,Ravi Kumar,,inf,,Bengaluru,IT,2
2455,Suresh Yadav,25.0,-50000.0,16.7,Mumbai,Operations,5
2456,Rahul Sharma,,inf,,Noida,Admin,5
2457,Anjali Mehta,54.0,489117.0,,Bangalore,Admin,5
2458,Anjali Mehta,23.0,inf,,Ahmedabad,Sales,1
2459,Manish Tiwari,,,,Bangalore,HR,2
2460,Sunil Kumar,24.0,628638.0,16.1,Bengaluru,admin,4
2461,Suresh Yadav,26.0,-50000.0,2.8,Lucknow,finance,1
2462,Rahul Sharma,,,,Pune,finance,3
2463,Deepika Joshi,46.0,,,Lucknow,Operations,5
2464,Nikita Rao,60.0,813358.0,27.0,Bangalore,admin,4
2465,Suresh Yadav,,-50000.0,,Delhi,IT,2
2466,Sunil Kumar,,-50000.0,28.7,Pune,Marketing,4
2467,Ravi Kumar,26.0,-50000.0,11.7,Unknown,IT,1
2468,Sunil Kumar,,-50000.0,,Bengaluru,Sales,4
2469,Rahul Sharma,,304895.0,,Kolkata,Admin,5
2470,Amit Patel,39.0,,8.7,Bangalore,admin,2
2471,Deepika Joshi,29.0,691225.0,,Ahmedabad,finance,2
2472,Rahul Sharma,,,,Delhi,Operations,2
2473,Deepika Joshi,,318786.0,,Pune,IT,2
2474,Priya Singh,57.0,,,Mumbai,Admin,1
2475,Vikas Sharma,,inf,,Bangalore,Marketing,1
2476,Priya Singh,50.0,,19.3,Lucknow,Operations,4
2477,Vikas Sharma,,-50000.0,6.5,Ahmedabad,HR,1
2478,Anjali Mehta,34.0,inf,,Unknown,Unknown,2
2479,Deepika Joshi,30.0,475133.0,,Pune,IT,3
2480,Suresh Yadav,50.0,inf,11.7,Kolkata,Marketing,4
2481,Ravi Kumar,50.0,-50000.0,28.9,Ahmedabad,Admin,3
2482,Nikita Rao,,inf,,Ahmedabad,HR,2
2483,Manish Tiwari,,,2.9,Noida,Marketing,3
2484,Sunil Kumar,41.0,-50000.0,,Ahmedabad,Marketing,4
2485,Priya Singh,,,11.8,Bengaluru,Finance,1
2486,Sunil Kumar,54.0,-50000.0,3.6,Pune,Operations,2
2487,Sunil Kumar,29.0,,31.1,Kolkata,Sales,5
2488,Ravi Kumar,30.0,,26.6,Bangalore,HR,4
2489,Rahul Sharma,53.0,521449.0,,Pune,HR,1
2490,Sunil Kumar,,,,Unknown,IT,3
2491,Manish Tiwari,51.0,inf,,Lucknow,finance,2
2492,Deepika Joshi,27.0,982141.0,,Bangalore,Admin,5
2493,Ravi Kumar,,inf,,Bengaluru,IT,5
2494,Vikas Sharma,,860708.0,,Hyderabad,Unknown,1
2495,Manish Tiwari,48.0,922774.0,34.7,Hyderabad,Operations,3
2496,Priya Singh,,994125.0,,Lucknow,Sales,4
2497,Amit Patel,,985315.0,,Mumbai,Marketing,4
2498,Sunil Kumar,,350578.0,2.7,Chennai,HR,5
2499,Manish Tiwari,30.0,-50000.0,,Bangalore,finance,4
2500,Anjali Mehta,,698724.0,,Mumbai,Marketing,2
2501,Ravi Kumar,54.0,inf,30.4,Chennai,Operations,2
2502,Rahul Sharma,29.0,,,Bangalore,IT,3
2503,Kavita Shah,41.0,515477.0,,Mumbai,Operations,1
2504,Priya Singh,,-50000.0,,Lucknow,admin,3
2505,Priya Singh,,993805.0,19.3,Ahmedabad,Marketing,1
2506,Kavita Shah,,inf,16.9,Bangalore,HR,1
2507,Deepika Joshi,,,,Unknown,Unknown,1
2508,Amit Patel,,739170.0,29.5,Lucknow,Unknown,3
2509,Priya Singh,,836435.0,10.5,Kolkata,finance,5
2510,Priya Singh,56.0,596439.0,5.1,Delhi,HR,2
2511,Rahul Sharma,54.0,-50000.0,22.9,Lucknow,finance,1
2512,Vikas Sharma,59.0,,,Mumbai,Unknown,5
2513,Priya Singh,,,23.2,Lucknow,HR,3
2514,Ravi Kumar,58.0,-50000.0,,Pune,HR,2
2515,Deepika Joshi,23.0,,,Unknown,IT,3
2516,Amit Patel,,-50000.0,,Bengaluru,IT,4
2517,Anjali Mehta,,-50000.0,,Lucknow,Admin,5
2518,Amit Patel,,,13.8,Lucknow,Operations,1
2519,Deepika Joshi,,302871.0,6.9,Lucknow,HR,3
2520,Vikas Sharma,,393326.0,20.4,Delhi,Finance,1
2521,Suresh Yadav,,-50000.0,,Unknown,IT,5
2522,Ravi Kumar,,456389.0,,Bangalore,finance,5
2523,Vikas Sharma,26.0,836561.0,1.7,Delhi,IT,2
2524,Suresh Yadav,,inf,,Pune,Sales,4
2525,Deepika Joshi,,,,Delhi,Unknown,4
2526,Rahul Sharma,51.0,inf,33.7,Chennai,Admin,3
2527,Anjali Mehta,43.0,-50000.0,,Ahmedabad,HR,3
2528,Amit Patel,,352512.0,16.5,Bangalore,HR,2
2529,Sunil Kumar,,483188.0,18.6,Bangalore,IT,5
2530,Nikita Rao,,inf,9.0,Unknown,admin,5
2531,Amit Patel,54.0,-50000.0,,Bengaluru,IT,5
2532,Rahul Sharma,42.0,421531.0,,Ahmedabad,Sales,2
2533,Anjali Mehta,51.0,348118.0,19.0,Noida,Admin,1
2534,Nikita Rao,,,,Hyderabad,Admin,4
2535,Ravi Kumar,37.0,inf,,Noida,HR,1
2536,Deepika Joshi,28.0,inf,,Chennai,Unknown,5
2537,Manish Tiwari,,inf,10.5,Noida,Admin,4
2538,Deepika Joshi,48.0,,,Mumbai,Marketing,3
2539,Ravi Kumar,,-50000.0,,Bengaluru,Unknown,2
2540,Nikita Rao,,-50000.0,,Noida,Unknown,3
2541,Suresh Yadav,34.0,-50000.0,20.4,Bangalore,IT,2
2542,Anjali Mehta,,-50000.0,,Kolkata,finance,4
2543,Ravi Kumar,,,28.4,Delhi,Admin,4
2544,Nikita Rao,53.0,,10.4,Chennai,finance,2
2545,Priya Singh,,,4.9,Lucknow,Admin,5
2546,Amit Patel,,-50000.0,,Hyderabad,Unknown,3
2547,Rahul Sharma,37.0,-50000.0,,Delhi,Unknown,2
2548,Manish Tiwari,,-50000.0,,Pune,HR,1
2549,Ravi Kumar,25.0,-50000.0,1.0,Mumbai,Operations,5
2550,Rahul Sharma,,676018.0,21.3,Ahmedabad,IT,3
2551,Suresh Yadav,,-50000.0,,Hyderabad,finance,3
2552,Suresh Yadav,40.0,811833.0,,Hyderabad,admin,5
2553,Vikas Sharma,,-50000.0,27.5,Delhi,Operations,1
2554,Manish Tiwari,,348205.0,17.2,Kolkata,Unknown,3
2555,Manish Tiwari,,inf,12.3,Pune,Marketing,5
2556,Manish Tiwari,45.0,,33.9,Noida,HR,4
2557,Vikas Sharma,47.0,654733.0,,Delhi,HR,2
2558,Priya Singh,58.0,,27.1,Pune,IT,4
2559,Deepika Joshi,,inf,23.3,Bangalore,Unknown,3
2560,Ravi Kumar,,-50000.0,,Mumbai,HR,4
2561,Anjali Mehta,,455875.0,,Delhi,Unknown,1
2562,Vikas Sharma,,,26.6,Lucknow,Marketing,3
2563,Deepika Joshi,29.0,-50000.0,,Unknown,Unknown,2
2564,Nikita Rao,,,,Hyderabad,Finance,2
2565,Deepika Joshi,,-50000.0,16.9,Lucknow,admin,2
2566,Vikas Sharma,,,,Lucknow,Sales,1
2567,Anjali Mehta,31.0,inf,16.9,Hyderabad,Operations,2
2568,Manish Tiwari,,,,Ahmedabad,Admin,4
2569,Amit Patel,54.0,-50000.0,,Noida,finance,4
2570,Suresh Yadav,24.0,,,Hyderabad,Unknown,3
2571,Amit Patel,,-50000.0,33.7,Mumbai,finance,2
2572,Vikas Sharma,,-50000.0,,Pune,Finance,1
2573,Ravi Kumar,31.0,-50000.0,,Mumbai,Marketing,5
2574,Deepika Joshi,,inf,,Hyderabad,Finance,4
2575,Ravi Kumar,,-50000.0,,Noida,IT,3
2576,Manish Tiwari,,985111.0,,Lucknow,IT,4
2577,Amit Patel,,-50000.0,,Pune,Finance,4
2578,Suresh Yadav,,732368.0,16.4,Unknown,Sales,3
2579,Sunil Kumar,52.0,884194.0,25.8,Unknown,Unknown,4
2580,Priya Singh,,inf,18.4,Noida,Admin,4
2581,Ravi Kumar,,,11.3,Bangalore,admin,1
2582,Vikas Sharma,,-50000.0,23.7,Chennai,Operations,5
2583,Ravi Kumar,,inf,0.9,Mumbai,Sales,3
2584,Vikas Sharma,38.0,,,Hyderabad,Unknown,3
2585,Manish Tiwari,,inf,,Ahmedabad,admin,2
2586,Sunil Kumar,,-50000.0,9.2,Pune,Finance,5
2587,Nikita Rao,31.0,inf,1.3,Mumbai,Finance,4
2588,Nikita Rao,24.0,774514.0,2.5,Unknown,finance,1
2589,Amit Patel,34.0,,33.3,Delhi,Sales,2
2590,Ravi Kumar,,inf,24.9,Bengaluru,Unknown,3
2591,Suresh Yadav,48.0,inf,3.5,Noida,Operations,5
2592,Rahul Sharma,48.0,inf,13.5,Kolkata,Sales,1
2593,Amit Patel,,411486.0,31.4,Delhi,Operations,3
2594,Amit Patel,25.0,-50000.0,,Kolkata,IT,4
2595,Priya Singh,55.0,-50000.0,23.3,Ahmedabad,admin,2
2596,Ravi Kumar,,inf,,Bangalore,Unknown,5
2597,Nikita Rao,,,,Chennai,Finance,2
2598,Nikita Rao,42.0,496653.0,9.4,Kolkata,IT,4
2599,Vikas Sharma,,,10.1,Delhi,Marketing,4
2600,Deepika Joshi,,,,Mumbai,admin,3
2601,Kavita Shah,,654349.0,,Chennai,admin,2
2602,Kavita Shah,34.0,734603.0,,Bangalore,IT,2
2603,Kavita Shah,,964000.0,6.6,Kolkata,Admin,2
2604,Vikas Sharma,,-50000.0,17.5,Kolkata,Operations,2
2605,Priya Singh,40.0,,21.6,Ahmedabad,Marketing,1
2606,Suresh Yadav,,823059.0,22.8,Hyderabad,Marketing,3
2607,Kavita Shah,,856127.0,,Hyderabad,Marketing,5
2608,Manish Tiwari,,-50000.0,8.0,Bangalore,HR,1
2609,Sunil Kumar,40.0,-50000.0,,Delhi,Operations,2
2610,Vikas Sharma,,,4.1,Ahmedabad,Marketing,4
2611,Anjali Mehta,,,,Lucknow,finance,4
2612,Amit Patel,,434618.0,27.3,Kolkata,finance,2
2613,Suresh Yadav,,inf,31.4,Unknown,Unknown,1
2614,Vikas Sharma,,-50000.0,23.0,Ahmedabad,Operations,1
2615,Vikas Sharma,,,,Hyderabad,Unknown,3
2616,Nikita Rao,52.0,-50000.0,,Noida,Unknown,4
2617,Deepika Joshi,,inf,31.7,Bangalore,Operations,2
2618,Anjali Mehta,,,,Pune,Unknown,1
2619,Priya Singh,30.0,-50000.0,,Hyderabad,Sales,1
2620,Vikas Sharma,59.0,inf,29.6,Delhi,Admin,5
2621,Amit Patel,37.0,inf,19.1,Pune,Operations,3
2622,Priya Singh,55.0,,,Bengaluru,Finance,5
2623,Priya Singh,36.0,,,Chennai,HR,4
2624,Sunil Kumar,,inf,,Lucknow,finance,2
2625,Rahul Sharma,,,14.3,Lucknow,IT,4
2626,Rahul Sharma,28.0,,,Kolkata,finance,2
2627,Priya Singh,22.0,inf,,Lucknow,Marketing,1
2628,Kavita Shah,,inf,,Ahmedabad,IT,1
2629,Nikita Rao,52.0,-50000.0,22.8,Noida,Marketing,2
2630,Anjali Mehta,,-50000.0,,Noida,Marketing,4
2631,Kavita Shah,40.0,inf,,Kolkata,finance,4
2632,Ravi Kumar,27.0,742904.0,24.5,Delhi,Unknown,3
2633,Vikas Sharma,56.0,848122.0,,Kolkata,Marketing,5
2634,Nikita Rao,,-50000.0,,Pune,Marketing,2
2635,Priya Singh,33.0,452386.0,25.9,Noida,finance,4
2636,Manish Tiwari,,,1.7,Bangalore,Operations,1
2637,Manish Tiwari,,,25.3,Kolkata,Admin,4
2638,Ravi Kumar,24.0,inf,17.4,Hyderabad,Marketing,4
2639,Kavita Shah,41.0,453541.0,,Kolkata,Admin,3
2640,Ravi Kumar,,,,Delhi,Finance,4
2641,Priya Singh,,867460.0,33.8,Mumbai,IT,3
2642,Sunil Kumar,,-50000.0,1.8,Bengaluru,Operations,1
2643,Vikas Sharma,39.0,,12.2,Pune,IT,1
2644,Manish Tiwari,,-50000.0,14.5,Lucknow,HR,1
2645,Rahul Sharma,,inf,,Hyderabad,Operations,1
2646,Anjali Mehta,38.0,996772.0,32.9,Chennai,IT,1
2647,Ravi Kumar,,-50000.0,26.1,Hyderabad,admin,4
2648,Priya Singh,40.0,inf,32.4,Hyderabad,HR,5
2649,Sunil Kumar,,878944.0,,Unknown,Finance,2
2650,Manish Tiwari,,inf,,Bangalore,Sales,1
2651,Suresh Yadav,,-50000.0,31.8,Lucknow,finance,5
2652,Kavita Shah,28.0,inf,8.9,Bengaluru,Marketing,5
2653,Rahul Sharma,,,1.0,Hyderabad,Unknown,5
2654,Suresh Yadav,42.0,inf,31.7,Hyderabad,Operations,4
2655,Priya Singh,,,16.2,Bengaluru,IT,3
2656,Anjali Mehta,46.0,,29.3,Delhi,IT,1
2657,Kavita Shah,,482237.0,28.7,Ahmedabad,Marketing,5
2658,Sunil Kumar,,695521.0,4.4,Lucknow,Marketing,2
2659,Kavita Shah,59.0,inf,2.7,Kolkata,Sales,4
2660,Vikas Sharma,,inf,,Delhi,Finance,4
2661,Suresh Yadav,37.0,,11.7,Lucknow,Marketing,4
2662,Suresh Yadav,,inf,11.6,Ahmedabad,Sales,3
2663,Nikita Rao,41.0,inf,26.9,Bangalore,Finance,5
2664,Deepika Joshi,,,12.1,Bangalore,Operations,2
2665,Kavita Shah,,,,Hyderabad,admin,1
2666,Nikita Rao,45.0,638302.0,,Ahmedabad,Marketing,3
2667,Manish Tiwari,36.0,inf,,Chennai,Finance,1
2668,Suresh Yadav,52.0,inf,8.9,Bengaluru,Marketing,5
2669,Ravi Kumar,,inf,,Kolkata,IT,2
2670,Suresh Yadav,,,27.3,Ahmedabad,Finance,4
2671,Kavita Shah,56.0,492800.0,30.8,Noida,Sales,1
2672,Sunil Kumar,37.0,,0.7,Mumbai,HR,4
2673,Manish Tiwari,,-50000.0,,Bengaluru,IT,5
2674,Kavita Shah,,inf,,Delhi,Finance,5
2675,Kavita Shah,26.0,,24.4,Mumbai,Admin,5
2676,Amit Patel,25.0,inf,,Bengaluru,HR,4
2677,Priya Singh,58.0,inf,,Delhi,Operations,1
2678,Vikas Sharma,,,8.8,Bengaluru,Marketing,5
2679,Amit Patel,,-50000.0,21.6,Kolkata,Sales,5
2680,Suresh Yadav,29.0,888602.0,,Kolkata,finance,5
2681,Kavita Shah,,inf,21.6,Delhi,Marketing,1
2682,Vikas Sharma,,,,Lucknow,Operations,2
2683,Priya Singh,,,12.5,Hyderabad,Operations,1
2684,Amit Patel,,inf,19.7,Unknown,Finance,2
2685,Kavita Shah,51.0,699898.0,4.6,Noida,admin,5
2686,Anjali Mehta,,inf,21.9,Ahmedabad,Unknown,2
2687,Manish Tiwari,41.0,inf,16.5,Pune,Admin,1
2688,Amit Patel,,inf,10.0,Ahmedabad,HR,5
2689,Priya Singh,22.0,-50000.0,4.4,Noida,HR,4
2690,Amit Patel,59.0,810451.0,,Delhi,Finance,3
2691,Deepika Joshi,,,17.7,Bengaluru,Finance,1
2692,Deepika Joshi,44.0,635872.0,23.6,Mumbai,Marketing,1
2693,Suresh Yadav,56.0,,,Delhi,Marketing,2
2694,Anjali Mehta,,864107.0,,Unknown,admin,5
2695,Sunil Kumar,,957386.0,,Hyderabad,Admin,2
2696,Sunil Kumar,48.0,,2.0,Lucknow,Operations,2
2697,Priya Singh,,744815.0,32.4,Bangalore,Operations,1
2698,Ravi Kumar,,-50000.0,6.0,Bangalore,Unknown,5
2699,Manish Tiwari,,977968.0,17.2,Kolkata,Admin,3
2700,Sunil Kumar,46.0,461223.0,2.9,Mumbai,Marketing,1
2701,Manish Tiwari,56.0,inf,,Delhi,IT,1
2702,Priya Singh,44.0,339726.0,,Kolkata,Unknown,1
2703,Anjali Mehta,,376806.0,8.4,Unknown,Unknown,5
2704,Ravi Kumar,55.0,inf,11.8,Ahmedabad,Marketing,3
2705,Ravi Kumar,36.0,885193.0,,Pune,admin,3
2706,Deepika Joshi,,,,Noida,Sales,5
2707,Suresh Yadav,,-50000.0,31.3,Unknown,Finance,2
2708,Kavita Shah,,-50000.0,,Lucknow,Operations,4
2709,Ravi Kumar,36.0,-50000.0,,Hyderabad,Marketing,1
2710,Rahul Sharma,,inf,,Lucknow,IT,2
2711,Priya Singh,,-50000.0,,Noida,Sales,3
2712,Ravi Kumar,34.0,424052.0,5.2,Ahmedabad,Finance,1
2713,Ravi Kumar,,972580.0,,Pune,admin,5
2714,Nikita Rao,23.0,914054.0,7.5,Bangalore,Unknown,3
2715,Manish Tiwari,35.0,inf,1.6,Chennai,finance,5
2716,Rahul Sharma,28.0,827262.0,10.2,Bangalore,Marketing,4
2717,Nikita Rao,50.0,inf,,Delhi,HR,2
2718,Ravi Kumar,37.0,936030.0,,Unknown,finance,5
2719,Kavita Shah,,-50000.0,,Noida,Unknown,4
2720,Rahul Sharma,36.0,-50000.0,21.3,Ahmedabad,HR,3
2721,Deepika Joshi,25.0,992818.0,20.4,Hyderabad,Finance,5
2722,Amit Patel,,,,Delhi,admin,3
2723,Ravi Kumar,,,30.2,Kolkata,Admin,5
2724,Ravi Kumar,,-50000.0,,Bengaluru,admin,5
2725,Suresh Yadav,,inf,,Mumbai,Operations,5
2726,Manish Tiwari,31.0,,25.9,Mumbai,finance,2
2727,Manish Tiwari,,inf,,Kolkata,admin,1
2728,Suresh Yadav,39.0,,20.5,Delhi,finance,1
2729,Nikita Rao,57.0,429221.0,32.0,Mumbai,Finance,2
2730,Priya Singh,,-50000.0,14.9,Bangalore,Operations,1
2731,Kavita Shah,,863244.0,,Hyderabad,Operations,2
2732,Priya Singh,,,25.8,Lucknow,admin,2
2733,Amit Patel,,,,Lucknow,finance,3
2734,Ravi Kumar,,,17.0,Unknown,finance,2
2735,Kavita Shah,46.0,,16.1,Kolkata,finance,2
2736,Rahul Sharma,,inf,3.4,Hyderabad,Sales,5
2737,Ravi Kumar,37.0,503765.0,,Unknown,Unknown,5
2738,Deepika Joshi,41.0,490167.0,33.3,Noida,Admin,2
2739,Vikas Sharma,51.0,-50000.0,12.9,Unknown,Unknown,5
2740,Vikas Sharma,,975990.0,22.8,Lucknow,IT,3
2741,Ravi Kumar,48.0,604771.0,,Ahmedabad,Marketing,3
2742,Manish Tiwari,46.0,562865.0,,Noida,Marketing,2
2743,Sunil Kumar,38.0,-50000.0,30.1,Noida,Marketing,5
2744,Kavita Shah,43.0,inf,,Pune,finance,4
2745,Sunil Kumar,,,,Unknown,Marketing,1
2746,Nikita Rao,27.0,inf,,Hyderabad,Admin,5
2747,Suresh Yadav,,949609.0,22.1,Unknown,Marketing,3
2748,Rahul Sharma,46.0,inf,30.2,Hyderabad,Sales,3
2749,Ravi Kumar,26.0,-50000.0,,Kolkata,Admin,4
2750,Nikita Rao,59.0,inf,,Ahmedabad,Admin,2
2751,Nikita Rao,52.0,,,Delhi,Unknown,4
2752,Vikas Sharma,,inf,24.6,Bangalore,Finance,4
2753,Rahul Sharma,22.0,-50000.0,27.7,Bangalore,Operations,1
2754,Anjali Mehta,34.0,476831.0,,Mumbai,Sales,3
2755,Vikas Sharma,52.0,,25.9,Chennai,admin,4
2756,Ravi Kumar,60.0,-50000.0,,Delhi,HR,2
2757,Sunil Kumar,47.0,inf,31.1,Mumbai,Finance,5
2758,Kavita Shah,,inf,,Unknown,HR,2
2759,Sunil Kumar,,-50000.0,,Chennai,Sales,1
2760,Rahul Sharma,,inf,13.1,Mumbai,finance,3
2761,Amit Patel,,-50000.0,19.8,Chennai,admin,2
2762,Ravi Kumar,,878469.0,,Lucknow,Operations,3
2763,Deepika Joshi,51.0,484308.0,8.7,Hyderabad,Marketing,5
2764,Priya Singh,,,22.9,Bangalore,Unknown,5
2765,Kavita Shah,,,26.5,Hyderabad,IT,5
2766,Deepika Joshi,,576021.0,,Chennai,finance,2
2767,Deepika Joshi,24.0,379062.0,,Kolkata,admin,4
2768,Ravi Kumar,31.0,831815.0,10.1,Hyderabad,Unknown,2
2769,Amit Patel,,-50000.0,,Bengaluru,Operations,3
2770,Ravi Kumar,40.0,,17.3,Chennai,Admin,4
2771,Amit Patel,,inf,,Delhi,finance,4
2772,Anjali Mehta,,-50000.0,,Ahmedabad,finance,1
2773,Kavita Shah,58.0,,28.1,Lucknow,Admin,5
2774,Rahul Sharma,,-50000.0,,Bangalore,Admin,2
2775,Manish Tiwari,,inf,,Lucknow,Operations,1
2776,Suresh Yadav,,-50000.0,,Kolkata,finance,3
2777,Rahul Sharma,,825465.0,33.6,Mumbai,Operations,1
2778,Deepika Joshi,32.0,inf,,Delhi,Sales,5
2779,Priya Singh,,826560.0,4.4,Bangalore,Admin,1
2780,Vikas Sharma,33.0,,17.6,Bangalore,IT,5
2781,Anjali Mehta,55.0,,18.5,Unknown,Finance,4
2782,Vikas Sharma,26.0,,10.6,Unknown,finance,1
2783,Rahul Sharma,,,,Lucknow,Marketing,3
2784,Rahul Sharma,30.0,,15.8,Lucknow,Sales,1
2785,Priya Singh,26.0,inf,10.6,Lucknow,HR,3
2786,Priya Singh,22.0,,1.3,Mumbai,Operations,3
2787,Rahul Sharma,,,,Lucknow,HR,3
2788,Nikita Rao,45.0,inf,,Noida,Sales,2
2789,Sunil Kumar,,,,Chennai,admin,2
2790,Priya Singh,23.0,,,Chennai,admin,3
2791,Sunil Kumar,,inf,16.3,Ahmedabad,admin,1
2792,Kavita Shah,22.0,-50000.0,,Noida,HR,1
2793,Vikas Sharma,,776728.0,,Kolkata,Sales,4
2794,Anjali Mehta,,inf,,Mumbai,Marketing,2
2795,Nikita Rao,,inf,34.0,Pune,HR,4
2796,Priya Singh,33.0,,,Mumbai,HR,1
2797,Kavita Shah,28.0,-50000.0,16.2,Delhi,HR,1
2798,Manish Tiwari,37.0,683041.0,21.8,Hyderabad,Operations,2
2799,Amit Patel,,inf,,Unknown,IT,5
2800,Deepika Joshi,,,6.8,Kolkata,admin,3
2801,Sunil Kumar,47.0,-50000.0,29.5,Kolkata,Marketing,5
2802,Nikita Rao,,inf,6.1,Lucknow,Operations,4
2803,Nikita Rao,51.0,-50000.0,,Unknown,Marketing,1
2804,Manish Tiwari,,933561.0,,Noida,Operations,5
2805,Manish Tiwari,27.0,,9.5,Noida,Sales,3
2806,Anjali Mehta,,,7.6,Unknown,Sales,5
2807,Sunil Kumar,,541162.0,,Bengaluru,Sales,3
2808,Amit Patel,,inf,,Ahmedabad,Marketing,5
2809,Anjali Mehta,25.0,,19.1,Mumbai,Unknown,3
2810,Nikita Rao,32.0,,18.9,Lucknow,Finance,5
2811,Rahul Sharma,,679818.0,,Kolkata,admin,1
2812,Amit Patel,43.0,,32.6,Lucknow,Sales,1
2813,Nikita Rao,55.0,inf,,Bengaluru,IT,2
2814,Vikas Sharma,36.0,-50000.0,,Noida,Sales,3
2815,Ravi Kumar,,-50000.0,,Unknown,Sales,4
2816,Ravi Kumar,39.0,,,Noida,Operations,2
2817,Manish Tiwari,,-50000.0,34.0,Hyderabad,Admin,3
2818,Priya Singh,56.0,,,Lucknow,Admin,5
2819,Anjali Mehta,,,12.2,Chennai,Unknown,5
2820,Nikita Rao,23.0,,25.7,Unknown,IT,5
2821,Manish Tiwari,59.0,441268.0,5.3,Mumbai,finance,4
2822,Vikas Sharma,47.0,,,Bengaluru,admin,4
2823,Priya Singh,41.0,,21.8,Mumbai,Finance,5
2824,Anjali Mehta,58.0,,15.9,Kolkata,Admin,2
2825,Manish Tiwari,,-50000.0,11.8,Noida,Marketing,3
2826,Amit Patel,,928471.0,20.6,Pune,Marketing,1
2827,Vikas Sharma,46.0,inf,,Bengaluru,Marketing,5
2828,Nikita Rao,,,7.3,Delhi,finance,2
2829,Anjali Mehta,25.0,-50000.0,,Ahmedabad,Marketing,2
2830,Nikita Rao,49.0,,23.9,Hyderabad,admin,2
2831,Rahul Sharma,,-50000.0,,Kolkata,Unknown,4
2832,Deepika Joshi,,,,Lucknow,admin,5
2833,Suresh Yadav,42.0,,21.3,Delhi,finance,3
2834,Ravi Kumar,,inf,,Lucknow,finance,1
2835,Vikas Sharma,53.0,inf,,Noida,Operations,3
2836,Deepika Joshi,,775497.0,,Hyderabad,HR,2
2837,Anjali Mehta,49.0,-50000.0,,Pune,Operations,5
2838,Suresh Yadav,,,,Lucknow,Marketing,4
2839,Vikas Sharma,,413844.0,30.7,Unknown,Admin,4
2840,Deepika Joshi,37.0,-50000.0,,Kolkata,Admin,2
2841,Rahul Sharma,,456826.0,,Mumbai,Marketing,4
2842,Ravi Kumar,,-50000.0,,Bangalore,finance,3
2843,Kavita Shah,,944610.0,,Ahmedabad,finance,4
2844,Anjali Mehta,,857244.0,,Unknown,admin,5
2845,Ravi Kumar,28.0,-50000.0,5.3,Chennai,IT,3
2846,Deepika Joshi,,,,Lucknow,Operations,3
2847,Vikas Sharma,,932789.0,,Pune,Finance,4
2848,Kavita Shah,39.0,-50000.0,,Lucknow,Unknown,5
2849,Manish Tiwari,30.0,-50000.0,,Chennai,Finance,2
2850,Sunil Kumar,,688368.0,,Bengaluru,Sales,3
2851,Ravi Kumar,,-50000.0,,Chennai,IT,1
2852,Sunil Kumar,28.0,-50000.0,25.0,Noida,finance,3
2853,Manish Tiwari,,inf,,Hyderabad,Operations,4
2854,Suresh Yadav,57.0,917661.0,,Pune,Operations,3
2855,Vikas Sharma,,,,Noida,Marketing,1
2856,Amit Patel,46.0,-50000.0,,Unknown,Admin,1
2857,Nikita Rao,,543807.0,,Hyderabad,Admin,1
2858,Suresh Yadav,46.0,-50000.0,8.2,Lucknow,Admin,2
2859,Kavita Shah,57.0,,,Bangalore,admin,1
2860,Kavita Shah,58.0,305735.0,,Ahmedabad,Sales,2
2861,Ravi Kumar,46.0,906063.0,,Unknown,Operations,5
2862,Manish Tiwari,,845009.0,,Unknown,Unknown,1
2863,Nikita Rao,,,31.8,Kolkata,IT,1
2864,Amit Patel,53.0,-50000.0,,Kolkata,Unknown,3
2865,Deepika Joshi,26.0,679867.0,17.5,Hyderabad,IT,5
2866,Priya Singh,,-50000.0,,Hyderabad,Finance,4
2867,Anjali Mehta,,inf,,Unknown,Finance,1
2868,Amit Patel,52.0,-50000.0,,Pune,Operations,4
2869,Kavita Shah,,inf,34.1,Lucknow,Unknown,5
2870,Priya Singh,,inf,13.4,Bangalore,Unknown,2
2871,Kavita Shah,60.0,,29.7,Noida,Unknown,4
2872,Nikita Rao,51.0,-50000.0,20.6,Chennai,Unknown,4
2873,Nikita Rao,,inf,11.5,Ahmedabad,Admin,5
2874,Vikas Sharma,,-50000.0,12.8,Unknown,Admin,5
2875,Ravi Kumar,,inf,,Unknown,Marketing,1
2876,Deepika Joshi,,inf,,Delhi,Admin,4
2877,Rahul Sharma,,,,Hyderabad,HR,1
2878,Kavita Shah,60.0,991308.0,18.8,Lucknow,admin,5
2879,Deepika Joshi,,-50000.0,18.2,Bangalore,Admin,2
2880,Sunil Kumar,60.0,469654.0,26.9,Bangalore,Marketing,1
2881,Kavita Shah,,-50000.0,,Chennai,finance,4
2882,Priya Singh,,654877.0,,Bangalore,HR,5
2883,Deepika Joshi,,-50000.0,,Noida,Operations,3
2884,Amit Patel,53.0,966764.0,,Lucknow,Unknown,2
2885,Deepika Joshi,,,28.9,Delhi,finance,5
2886,Amit Patel,,-50000.0,,Kolkata,Sales,5
2887,Nikita Rao,45.0,392422.0,,Lucknow,HR,1
2888,Manish Tiwari,58.0,,14.7,Ahmedabad,Finance,5
2889,Amit Patel,59.0,688848.0,4.0,Chennai,HR,4
2890,Suresh Yadav,57.0,938613.0,17.9,Chennai,admin,2
2891,Rahul Sharma,51.0,-50000.0,27.9,Bengaluru,Finance,5
2892,Suresh Yadav,,inf,14.9,Mumbai,IT,2
2893,Priya Singh,,926495.0,4.5,Mumbai,Unknown,2
2894,Anjali Mehta,53.0,-50000.0,,Pune,finance,1
2895,Priya Singh,41.0,760295.0,,Ahmedabad,IT,3
2896,Manish Tiwari,38.0,inf,,Pune,Finance,2
2897,Ravi Kumar,,504206.0,,Hyderabad,Marketing,5
2898,Kavita Shah,,,,Bangalore,HR,3
2899,Suresh Yadav,,,1.5,Bangalore,Admin,1
2900,Priya Singh,,inf,8.2,Bengaluru,Sales,4
2901,Manish Tiwari,,550878.0,,Mumbai,Marketing,4
2902,Kavita Shah,56.0,465092.0,4.8,Delhi,Marketing,4
2903,Vikas Sharma,45.0,-50000.0,,Pune,Sales,2
2904,Manish Tiwari,28.0,-50000.0,24.3,Kolkata,admin,3
2905,Kavita Shah,44.0,,,Delhi,HR,1
2906,Kavita Shah,,842892.0,26.6,Noida,finance,3
2907,Rahul Sharma,,371950.0,7.3,Chennai,IT,2
2908,Anjali Mehta,28.0,inf,27.9,Delhi,Operations,5
2909,Amit Patel,,inf,,Bengaluru,admin,1
2910,Priya Singh,36.0,inf,,Chennai,IT,3
2911,Ravi Kumar,,,23.5,Lucknow,Finance,3
2912,Manish Tiwari,,-50000.0,27.5,Ahmedabad,Operations,4
2913,Priya Singh,59.0,902833.0,20.8,Pune,Admin,3
2914,Amit Patel,44.0,,,Pune,Admin,3
2915,Vikas Sharma,52.0,726911.0,1.5,Mumbai,Finance,2
2916,Nikita Rao,,885766.0,,Bengaluru,HR,1
2917,Deepika Joshi,27.0,inf,,Ahmedabad,Finance,5
2918,Kavita Shah,,656480.0,12.7,Bangalore,admin,4
2919,Suresh Yadav,,inf,17.9,Unknown,Admin,2
2920,Suresh Yadav,51.0,inf,3.9,Bengaluru,finance,3
2921,Deepika Joshi,,-50000.0,18.7,Noida,HR,5
2922,Ravi Kumar,,-50000.0,33.8,Hyderabad,Admin,1
2923,Manish Tiwari,,inf,31.6,Delhi,Marketing,4
2924,Suresh Yadav,,-50000.0,34.1,Unknown,Finance,5
2925,Deepika Joshi,,915332.0,,Mumbai,Marketing,4
2926,Deepika Joshi,24.0,805382.0,13.1,Lucknow,Sales,1
2927,Manish Tiwari,,570343.0,15.7,Lucknow,Admin,3
2928,Kavita Shah,28.0,,,Delhi,finance,1
2929,Amit Patel,37.0,inf,,Delhi,Finance,5
2930,Amit Patel,57.0,inf,7.9,Noida,Unknown,4
2931,Amit Patel,,841593.0,,Noida,Unknown,3
2932,Priya Singh,51.0,,4.8,Delhi,Sales,3
2933,Anjali Mehta,47.0,601244.0,,Bengaluru,Unknown,3
2934,Manish Tiwari,,inf,,Mumbai,Marketing,1
2935,Priya Singh,47.0,,19.7,Bengaluru,admin,1
2936,Deepika Joshi,,inf,,Delhi,finance,3
2937,Anjali Mehta,,,,Bangalore,Sales,2
2938,Manish Tiwari,46.0,inf,,Hyderabad,Marketing,4
2939,Suresh Yadav,35.0,,,Delhi,IT,3
2940,Manish Tiwari,39.0,,,Chennai,Finance,1
2941,Sunil Kumar,58.0,,,Pune,finance,1
2942,Priya Singh,56.0,,7.0,Bangalore,HR,4
2943,Priya Singh,,,,Unknown,Admin,4
2944,Manish Tiwari,,inf,,Ahmedabad,Unknown,2
2945,Kavita Shah,,463573.0,,Unknown,Marketing,1
2946,Amit Patel,,425701.0,,Lucknow,admin,5
2947,Manish Tiwari,,-50000.0,15.6,Bengaluru,Operations,5
2948,Nikita Rao,47.0,943644.0,,Lucknow,Unknown,2
2949,Suresh Yadav,,867776.0,14.3,Unknown,finance,4
2950,Nikita Rao,51.0,inf,26.1,Delhi,finance,1
2951,Amit Patel,41.0,inf,2.7,Bangalore,finance,4
2952,Anjali Mehta,,inf,,Hyderabad,Unknown,1
2953,Priya Singh,29.0,,,Pune,IT,2
2954,Amit Patel,41.0,inf,,Pune,HR,3
2955,Priya Singh,,,,Bangalore,Sales,2
2956,Deepika Joshi,,,,Delhi,finance,4
2957,Sunil Kumar,48.0,-50000.0,,Chennai,Operations,4
2958,Amit Patel,,801554.0,,Lucknow,Sales,3
2959,Rahul Sharma,49.0,inf,,Kolkata,Admin,3
2960,Manish Tiwari,53.0,,,Mumbai,Unknown,3
2961,Suresh Yadav,57.0,779404.0,17.4,Chennai,Finance,4
2962,Sunil Kumar,,-50000.0,22.2,Lucknow,Admin,2
2963,Amit Patel,30.0,630984.0,1.5,Pune,Marketing,5
2964,Rahul Sharma,,,,Ahmedabad,Finance,3
2965,Rahul Sharma,,697859.0,23.9,Bengaluru,Unknown,1
2966,Suresh Yadav,,inf,,Bangalore,Admin,4
2967,Amit Patel,30.0,inf,5.8,Delhi,finance,4
2968,Manish Tiwari,,inf,,Ahmedabad,Admin,2
2969,Sunil Kumar,,inf,27.8,Pune,Finance,2
2970,Vikas Sharma,,inf,,Unknown,Unknown,3
2971,Kavita Shah,53.0,,,Kolkata,HR,4
2972,Anjali Mehta,27.0,-50000.0,19.2,Pune,Admin,1
2973,Rahul Sharma,,-50000.0,33.4,Hyderabad,IT,3
2974,Nikita Rao,,inf,34.7,Hyderabad,Marketing,2
2975,Amit Patel,,inf,,Chennai,Finance,1
2976,Kavita Shah,,,,Bangalore,Sales,2
2977,Kavita Shah,,,16.4,Bengaluru,admin,3
2978,Kavita Shah,57.0,,,Kolkata,Sales,1
2979,Deepika Joshi,58.0,inf,31.0,Chennai,HR,2
2980,Sunil Kumar,,-50000.0,17.5,Bangalore,Marketing,4
2981,Rahul Sharma,56.0,,,Kolkata,finance,4
2982,Amit Patel,50.0,,17.3,Kolkata,Admin,3
2983,Kavita Shah,49.0,795962.0,,Kolkata,admin,1
2984,Anjali Mehta,,-50000.0,,Lucknow,HR,2
2985,Anjali Mehta,,,16.9,Bengaluru,Operations,2
2986,Ravi Kumar,,inf,,Hyderabad,HR,4
2987,Kavita Shah,,inf,,Pune,HR,3
2988,Anjali Mehta,29.0,563165.0,,Mumbai,admin,1
2989,Nikita Rao,,717754.0,,Lucknow,Operations,4
2990,Vikas Sharma,49.0,471276.0,11.6,Bangalore,Admin,4
2991,Vikas Sharma,30.0,inf,20.9,Mumbai,finance,5
2992,Rahul Sharma,35.0,799687.0,,Unknown,Finance,4
2993,Sunil Kumar,,inf,28.4,Bengaluru,Sales,2
2994,Sunil Kumar,,inf,,Delhi,Marketing,3
2995,Nikita Rao,60.0,inf,,Delhi,admin,4
2996,Amit Patel,,660857.0,,Pune,IT,5
2997,Anjali Mehta,,731762.0,14.7,Pune,finance,4
2998,Priya Singh,54.0,,23.3,Kolkata,IT,2
2999,Anjali Mehta,,,,Bangalore,HR,1
